{
  "scope": "Part 2 - distorted images",
  "sample_count": 125,
  "distortion_levels": {
    "GaussNoise": [
      5.0,
      10.0,
      20.0,
      35.0,
      50.0
    ],
    "SevereJPEG": [
      80.0,
      60.0,
      40.0,
      20.0,
      5.0
    ],
    "LowLight": [
      0.8,
      0.6,
      0.4,
      0.25,
      0.1
    ],
    "MotionBlur": [
      3.0,
      5.0,
      9.0,
      15.0,
      25.0
    ]
  },
  "variants": [
    {
      "distortion": "GaussNoise",
      "level_index": 0,
      "level": 5.0,
      "sample_count": 125,
      "mean_snr_db": 25.238656503433706,
      "orb_keypoint_retention": 1.0,
      "orb_match_retention": 0.9089400000000001,
      "orb_inlier_ratio": 0.9964128480415859,
      "canny_edge_pixel_retention": 1.0022884105943486,
      "canny_precision": 0.9678006498721978,
      "canny_recall": 0.9699247008811662,
      "canny_f1": 0.9683186031456724,
      "seg_mean_iou": 0.5818804804245822,
      "seg_pixel_accuracy": 0.9219906366162401,
      "det_map_50_95": 0.18495691795993704,
      "det_map_50": 0.3200155061131835,
      "det_precision_50": 0.0496268466583265,
      "det_recall_50": 0.4743042991977367,
      "det_mean_matched_iou_50": 0.7189139645154109
    },
    {
      "distortion": "GaussNoise",
      "level_index": 1,
      "level": 10.0,
      "sample_count": 125,
      "mean_snr_db": 19.286547828306666,
      "orb_keypoint_retention": 1.00001,
      "orb_match_retention": 0.84434,
      "orb_inlier_ratio": 0.9939311894489419,
      "canny_edge_pixel_retention": 1.0259427079251056,
      "canny_precision": 0.933578516019295,
      "canny_recall": 0.9554781032223008,
      "canny_f1": 0.9440569342797865,
      "seg_mean_iou": 0.5642378572479964,
      "seg_pixel_accuracy": 0.9185996419933302,
      "det_map_50_95": 0.16070566280978957,
      "det_map_50": 0.2644138762127804,
      "det_precision_50": 0.0442537209693064,
      "det_recall_50": 0.4509221452027803,
      "det_mean_matched_iou_50": 0.7229415319752295
    },
    {
      "distortion": "GaussNoise",
      "level_index": 2,
      "level": 20.0,
      "sample_count": 125,
      "mean_snr_db": 13.410286555971492,
      "orb_keypoint_retention": 1.0,
      "orb_match_retention": 0.72222,
      "orb_inlier_ratio": 0.9879493376125137,
      "canny_edge_pixel_retention": 1.0982758323004558,
      "canny_precision": 0.8631215244221397,
      "canny_recall": 0.930487247638038,
      "canny_f1": 0.8935580699759159,
      "seg_mean_iou": 0.5470070798575563,
      "seg_pixel_accuracy": 0.911646406891184,
      "det_map_50_95": 0.12561461723643613,
      "det_map_50": 0.21552841330386058,
      "det_precision_50": 0.042511929147250306,
      "det_recall_50": 0.40251088754996195,
      "det_mean_matched_iou_50": 0.7131816455413112
    },
    {
      "distortion": "GaussNoise",
      "level_index": 3,
      "level": 35.0,
      "sample_count": 125,
      "mean_snr_db": 8.893879383749889,
      "orb_keypoint_retention": 1.0,
      "orb_match_retention": 0.5626700000000001,
      "orb_inlier_ratio": 0.9755228367735295,
      "canny_edge_pixel_retention": 1.2353897875353703,
      "canny_precision": 0.7697707726567184,
      "canny_recall": 0.9077689443878737,
      "canny_f1": 0.8295841317483682,
      "seg_mean_iou": 0.4737431610765992,
      "seg_pixel_accuracy": 0.8906538260052881,
      "det_map_50_95": 0.06385337578658347,
      "det_map_50": 0.11457792956161542,
      "det_precision_50": 0.034070730592776696,
      "det_recall_50": 0.2527244735772661,
      "det_mean_matched_iou_50": 0.6147226698833507
    },
    {
      "distortion": "GaussNoise",
      "level_index": 4,
      "level": 50.0,
      "sample_count": 125,
      "mean_snr_db": 6.195878545372673,
      "orb_keypoint_retention": 1.0,
      "orb_match_retention": 0.42839,
      "orb_inlier_ratio": 0.9563939495747735,
      "canny_edge_pixel_retention": 1.4357431165281995,
      "canny_precision": 0.6849405506402952,
      "canny_recall": 0.8969391187987975,
      "canny_f1": 0.7715184428647536,
      "seg_mean_iou": 0.42010335716547326,
      "seg_pixel_accuracy": 0.8670968996710914,
      "det_map_50_95": 0.029726973098698845,
      "det_map_50": 0.054064649569677825,
      "det_precision_50": 0.04081231436085558,
      "det_recall_50": 0.14550949539826102,
      "det_mean_matched_iou_50": 0.6122810178052257
    },
    {
      "distortion": "SevereJPEG",
      "level_index": 0,
      "level": 80.0,
      "sample_count": 125,
      "mean_snr_db": 31.325761684569365,
      "orb_keypoint_retention": 1.0,
      "orb_match_retention": 0.9036599999999999,
      "orb_inlier_ratio": 0.9967350131330429,
      "canny_edge_pixel_retention": 0.9928254253636821,
      "canny_precision": 0.9796472750583374,
      "canny_recall": 0.973627985375899,
      "canny_f1": 0.976364751848151,
      "seg_mean_iou": 0.5756477630479071,
      "seg_pixel_accuracy": 0.9207731278413499,
      "det_map_50_95": 0.17430258739895801,
      "det_map_50": 0.28765585345280187,
      "det_precision_50": 0.050232683846925134,
      "det_recall_50": 0.4696599810725485,
      "det_mean_matched_iou_50": 0.7232072532686881
    },
    {
      "distortion": "SevereJPEG",
      "level_index": 1,
      "level": 60.0,
      "sample_count": 125,
      "mean_snr_db": 29.599658639517774,
      "orb_keypoint_retention": 1.0,
      "orb_match_retention": 0.8738900000000001,
      "orb_inlier_ratio": 0.9957900578671077,
      "canny_edge_pixel_retention": 0.9942393096776928,
      "canny_precision": 0.9700765926216861,
      "canny_recall": 0.9661384566085698,
      "canny_f1": 0.9680009469106637,
      "seg_mean_iou": 0.5752752083196073,
      "seg_pixel_accuracy": 0.9193716972758939,
      "det_map_50_95": 0.17680955607619822,
      "det_map_50": 0.29041751905905944,
      "det_precision_50": 0.05133771778799754,
      "det_recall_50": 0.48181506621382825,
      "det_mean_matched_iou_50": 0.720154100847823
    },
    {
      "distortion": "SevereJPEG",
      "level_index": 2,
      "level": 40.0,
      "sample_count": 125,
      "mean_snr_db": 28.369669776791945,
      "orb_keypoint_retention": 1.0,
      "orb_match_retention": 0.84521,
      "orb_inlier_ratio": 0.9946905107004088,
      "canny_edge_pixel_retention": 0.9886078946983778,
      "canny_precision": 0.9595611461211913,
      "canny_recall": 0.9512317253603835,
      "canny_f1": 0.9548584542093858,
      "seg_mean_iou": 0.567926171761986,
      "seg_pixel_accuracy": 0.9168138149294984,
      "det_map_50_95": 0.17607642442469412,
      "det_map_50": 0.3061981423446437,
      "det_precision_50": 0.047311651721634186,
      "det_recall_50": 0.45905053055307354,
      "det_mean_matched_iou_50": 0.722561671676412
    },
    {
      "distortion": "SevereJPEG",
      "level_index": 3,
      "level": 20.0,
      "sample_count": 125,
      "mean_snr_db": 25.723066916700166,
      "orb_keypoint_retention": 1.0,
      "orb_match_retention": 0.77983,
      "orb_inlier_ratio": 0.9903471148299835,
      "canny_edge_pixel_retention": 0.9857570058576447,
      "canny_precision": 0.9352879608530823,
      "canny_recall": 0.9258274146769039,
      "canny_f1": 0.9298964113839788,
      "seg_mean_iou": 0.5223994363708113,
      "seg_pixel_accuracy": 0.900367306160158,
      "det_map_50_95": 0.1631386988798448,
      "det_map_50": 0.27141567566771213,
      "det_precision_50": 0.04353176627948007,
      "det_recall_50": 0.46246100725535777,
      "det_mean_matched_iou_50": 0.7126983696590509
    },
    {
      "distortion": "SevereJPEG",
      "level_index": 4,
      "level": 5.0,
      "sample_count": 125,
      "mean_snr_db": 18.50468299320412,
      "orb_keypoint_retention": 1.0,
      "orb_match_retention": 0.4447999999999999,
      "orb_inlier_ratio": 0.9601305676351878,
      "canny_edge_pixel_retention": 1.0164196502336182,
      "canny_precision": 0.8320414185392521,
      "canny_recall": 0.8409041112771807,
      "canny_f1": 0.8350520281494204,