sample_id,orb_keypoints,orb_self_match_retention,canny_edge_pixels,canny_self_f1,seg_mean_iou,seg_classes_present,gt_detection_objects,yolo_detection_objects
frankfurt_000001_010830,800.0,1.0,37878.0,1.0,0.5016195438193445,11,18,215
frankfurt_000001_046779,800.0,1.0,27947.0,1.0,0.3721796689662211,14,27,215
frankfurt_000001_058504,800.0,1.0,20579.0,1.0,0.5047654671633034,10,19,165
munster_000007_000019,800.0,1.0,11834.0,1.0,0.5106383103226962,15,21,146
munster_000159_000019,800.0,1.0,7374.0,1.0,0.5183037564370329,15,9,57
