{
  "scope": "Part 2 - distorted images",
  "sample_count": 20,
  "distortion_levels": {
    "GaussNoise": [
      5.0,
      10.0,
      20.0,
      35.0,
      50.0
    ],
    "SevereJPEG": [
      80.0,
      60.0,
      40.0,
      20.0,
      5.0
    ],
    "LowLight": [
      0.8,
      0.6,
      0.4,
      0.25,
      0.1
    ],
    "MotionBlur": [
      3.0,
      5.0,
      9.0,
      15.0,
      25.0
    ]
  },
  "variants": [
    {
      "distortion": "GaussNoise",
      "level_index": 0,
      "level": 5.0,
      "sample_count": 20,
      "mean_snr_db": 25.469253333921806,
      "orb_keypoint_retention": 1.0,
      "orb_match_retention": 0.9143125000000001,
      "orb_inlier_ratio": 0.9963067673016534,
      "canny_edge_pixel_retention": 1.0071302433316671,
      "canny_precision": 0.9730828742209955,
      "canny_recall": 0.9795731625462085,
      "canny_f1": 0.9762577695053298,
      "seg_mean_iou": 0.5486018424061692,
      "seg_pixel_accuracy": 0.91251812664879,
      "det_map_50_95": 0.20554862021492196,
      "det_map_50": 0.40460610336920694,
      "det_precision_50": 0.05388257855003026,
      "det_recall_50": 0.5620789201656585,
      "det_mean_matched_iou_50": 0.699538419545009
    },
    {
      "distortion": "GaussNoise",
      "level_index": 1,
      "level": 10.0,
      "sample_count": 20,
      "mean_snr_db": 19.52056101258981,
      "orb_keypoint_retention": 1.0,
      "orb_match_retention": 0.8549374999999999,
      "orb_inlier_ratio": 0.9940594891337762,
      "canny_edge_pixel_retention": 1.015168924511218,
      "canny_precision": 0.9481260403343754,
      "canny_recall": 0.960888071648669,
      "canny_f1": 0.9541418816610877,
      "seg_mean_iou": 0.5436406674577261,
      "seg_pixel_accuracy": 0.9111577966782929,
      "det_map_50_95": 0.18196159984129645,
      "det_map_50": 0.37206804039549984,
      "det_precision_50": 0.05317188836520223,
      "det_recall_50": 0.5396039382610294,
      "det_mean_matched_iou_50": 0.6965708370379006
    },
    {
      "distortion": "GaussNoise",
      "level_index": 2,
      "level": 20.0,
      "sample_count": 20,
      "mean_snr_db": 13.653544784279617,
      "orb_keypoint_retention": 1.0,
      "orb_match_retention": 0.7394375,
      "orb_inlier_ratio": 0.9878416134861855,
      "canny_edge_pixel_retention": 1.0750020846371622,
      "canny_precision": 0.8842294675188105,
      "canny_recall": 0.9415080217881494,
      "canny_f1": 0.9113834011005473,
      "seg_mean_iou": 0.5307947889496935,
      "seg_pixel_accuracy": 0.896288276177541,
      "det_map_50_95": 0.15488232658887244,
      "det_map_50": 0.3046367366371422,
      "det_precision_50": 0.047855015755360164,
      "det_recall_50": 0.48847060359959543,
      "det_mean_matched_iou_50": 0.5894388143127368
    },
    {
      "distortion": "GaussNoise",
      "level_index": 3,
      "level": 35.0,
      "sample_count": 20,
      "mean_snr_db": 9.139010458070091,
      "orb_keypoint_retention": 1.0,
      "orb_match_retention": 0.58525,
      "orb_inlier_ratio": 0.9743750909181198,
      "canny_edge_pixel_retention": 1.1824121464596324,
      "canny_precision": 0.8022045608431835,
      "canny_recall": 0.9168912388667534,
      "canny_f1": 0.854088396815856,
      "seg_mean_iou": 0.44549379360006497,
      "seg_pixel_accuracy": 0.8617381000181148,
      "det_map_50_95": 0.07226621443700125,
      "det_map_50": 0.13618263946075446,
      "det_precision_50": 0.03189676781593193,
      "det_recall_50": 0.3049657682065993,
      "det_mean_matched_iou_50": 0.5619306346906092
    },
    {
      "distortion": "GaussNoise",
      "level_index": 4,
      "level": 50.0,
      "sample_count": 20,
      "mean_snr_db": 6.436774114998078,
      "orb_keypoint_retention": 1.0,
      "orb_match_retention": 0.4545,
      "orb_inlier_ratio": 0.957631441918406,
      "canny_edge_pixel_retention": 1.3622127629869727,
      "canny_precision": 0.7200805945717778,
      "canny_recall": 0.9107088903457059,
      "canny_f1": 0.8010805245455048,
      "seg_mean_iou": 0.40447371136375865,
      "seg_pixel_accuracy": 0.8368739901176698,
      "det_map_50_95": 0.03795620146371473,
      "det_map_50": 0.07411185130922902,
      "det_precision_50": 0.036010666458559444,
      "det_recall_50": 0.21327635781686818,
      "det_mean_matched_iou_50": 0.4460576454214175
    },
    {
      "distortion": "SevereJPEG",
      "level_index": 0,
      "level": 80.0,
      "sample_count": 20,
      "mean_snr_db": 31.23343469078685,
      "orb_keypoint_retention": 1.0,
      "orb_match_retention": 0.9045624999999999,
      "orb_inlier_ratio": 0.9965477379802838,
      "canny_edge_pixel_retention": 1.0029973682674922,
      "canny_precision": 0.9777221303436855,
      "canny_recall": 0.9816147133106782,
      "canny_f1": 0.9796109685384151,
      "seg_mean_iou": 0.5541669746655319,
      "seg_pixel_accuracy": 0.9112177459021401,
      "det_map_50_95": 0.22731848332150195,
      "det_map_50": 0.44218826431427455,
      "det_precision_50": 0.05796893183154647,
      "det_recall_50": 0.5907111093403103,
      "det_mean_matched_iou_50": 0.7128617761783836
    },
    {
      "distortion": "SevereJPEG",
      "level_index": 1,
      "level": 60.0,
      "sample_count": 20,
      "mean_snr_db": 29.515600178275246,
      "orb_keypoint_retention": 1.0,
      "orb_match_retention": 0.8744374999999998,
      "orb_inlier_ratio": 0.9952768746835101,
      "canny_edge_pixel_retention": 1.0025265810072965,
      "canny_precision": 0.9698288410377133,
      "canny_recall": 0.9738961977107408,
      "canny_f1": 0.9718130694925151,
      "seg_mean_iou": 0.550809612982214,
      "seg_pixel_accuracy": 0.91064550577356,
      "det_map_50_95": 0.21568941888332663,
      "det_map_50": 0.42648922029916697,
      "det_precision_50": 0.05618501717001878,
      "det_recall_50": 0.5901416862008132,
      "det_mean_matched_iou_50": 0.7077108020523117
    },
    {
      "distortion": "SevereJPEG",
      "level_index": 2,
      "level": 40.0,
      "sample_count": 20,
      "mean_snr_db": 28.290152545316687,
      "orb_keypoint_retention": 1.0,
      "orb_match_retention": 0.8530625000000001,
      "orb_inlier_ratio": 0.9946454482907325,
      "canny_edge_pixel_retention": 0.9938439548448535,
      "canny_precision": 0.9629426266754463,
      "canny_recall": 0.9595570264805893,
      "canny_f1": 0.9611231443671582,
      "seg_mean_iou": 0.5422552862163786,
      "seg_pixel_accuracy": 0.9076094419404499,
      "det_map_50_95": 0.22525340263535043,
      "det_map_50": 0.4443976762382338,
      "det_precision_50": 0.053241877356757256,
      "det_recall_50": 0.5855068142629153,
      "det_mean_matched_iou_50": 0.7119257048244204
    },
    {
      "distortion": "SevereJPEG",
      "level_index": 3,
      "level": 20.0,
      "sample_count": 20,
      "mean_snr_db": 25.71565237709266,
      "orb_keypoint_retention": 1.0,
      "orb_match_retention": 0.7900625,
      "orb_inlier_ratio": 0.9894378633890486,
      "canny_edge_pixel_retention": 0.9868696434776336,
      "canny_precision": 0.9452786060344884,
      "canny_recall": 0.9368502894037973,
      "canny_f1": 0.9408889773856017,
      "seg_mean_iou": 0.5082199565714977,
      "seg_pixel_accuracy": 0.8912738337783292,
      "det_map_50_95": 0.19090087740062153,
      "det_map_50": 0.36859150371489074,
      "det_precision_50": 0.049404924282959777,
      "det_recall_50": 0.5622397531503653,
      "det_mean_matched_iou_50": 0.6998876925003037
    },
    {
      "distortion": "SevereJPEG",
      "level_index": 4,
      "level": 5.0,
      "sample_count": 20,
      "mean_snr_db": 18.628352052511595,
      "orb_keypoint_retention": 1.0,
      "orb_match_retention": 0.47893749999999996,
      "orb_inlier_ratio": 0.9607724327843672,
      "canny_edge_pixel_retention": 1.008895878706423,
      "canny_precision": 0.8602199413821487,
      "canny_recall": 0.8632526389368131,
      "canny_f1": 0.8609020263142663,
      "seg_mean_iou": 0.30517068911460005,