sample_id,orb_keypoints,orb_self_match_retention,canny_edge_pixels,canny_self_f1,seg_mean_iou,seg_classes_present,gt_detection_objects,yolo_detection_objects
frankfurt_000000_009688,800.0,1.0,5785.0,1.0,0.4829336711817416,11,9,72
frankfurt_000000_011074,800.0,1.0,12082.0,1.0,0.4621761338884717,14,7,102
frankfurt_000000_012868,800.0,1.0,40515.0,1.0,0.467055375187218,14,20,237
frankfurt_000000_016005,800.0,1.0,17291.0,1.0,0.35325688254402315,15,15,94
frankfurt_000000_020321,800.0,1.0,20824.0,1.0,0.4817368153928072,13,27,185
frankfurt_000000_022254,800.0,1.0,17528.0,1.0,0.5285893947989772,14,13,191
frankfurt_000001_010830,800.0,1.0,37878.0,1.0,0.5016195438193445,11,18,215
frankfurt_000001_021406,800.0,1.0,22879.0,1.0,0.5734522975179143,12,17,58
frankfurt_000001_046779,800.0,1.0,27947.0,1.0,0.3721796689662211,14,27,215
frankfurt_000001_054640,800.0,1.0,38237.0,1.0,0.4948218461815924,14,49,219
frankfurt_000001_058504,800.0,1.0,20579.0,1.0,0.5047654671633034,10,19,165
frankfurt_000001_062250,800.0,1.0,4412.0,1.0,0.39320656494843037,14,18,124
frankfurt_000001_064651,800.0,1.0,25719.0,1.0,0.46950087232089965,11,30,195
frankfurt_000001_080091,800.0,1.0,43571.0,1.0,0.46958585285228216,13,17,255
lindau_000007_000019,800.0,1.0,7675.0,1.0,0.4140197537467723,15,13,118
lindau_000031_000019,800.0,1.0,11305.0,1.0,0.4393810768257463,11,2,146
munster_000007_000019,800.0,1.0,11834.0,1.0,0.5106383103226962,15,21,146
munster_000094_000019,800.0,1.0,19828.0,1.0,0.4221942768612293,16,37,234
munster_000139_000019,800.0,1.0,28237.0,1.0,0.5656012701774572,11,41,278
munster_000159_000019,800.0,1.0,7374.0,1.0,0.5183037564370329,15,9,57
