class_name,official_val_gt_instances,pretrained_mean_corrupted_map_50_95,robust_mean_corrupted_map_50_95,robust_seed_sd,mean_corrupted_gain,negative_condition_count,worst_condition_gain,worst_condition,worst_level
person,3395,0.1335190398259645,0.20854978084441894,0.005289883299250093,0.0750307410184545,0,0.04898326925445133,SevereJPEG,5.0
bicycle,1165,0.08037398747689854,0.14873296966361577,0.0012886521196321943,0.06835898218671722,0,0.05391734597176699,GaussNoise,50.0
car,4653,0.3014327186272857,0.4322927540837907,0.0029096038712110037,0.13086003545650488,0,0.1036448989689499,SevereJPEG,20.0
motorcycle,149,0.037238931846402805,0.1096971568213269,0.0029815765934814243,0.07245822497492409,0,0.037160677872039055,GaussNoise,50.0
bus,98,0.22749311863475255,0.38155743230928335,0.019332403565506417,0.1540643136745308,0,0.10668421577470932,GaussNoise,5.0
train,23,0.0293840197441133,0.14409404473732507,0.015026580535236625,0.11471002499321178,0,0.07848776074458352,SevereJPEG,5.0
truck,93,0.10886426353373639,0.2175580538501985,0.007598090162885218,0.10869379031646212,0,0.09331065211221476,SevereJPEG,5.0
