{
  "scope": "Part 3 - restored images",
  "sample_count": 20,
  "distortion_levels": {
    "GaussNoise": [
      5.0,
      10.0,
      20.0,
      35.0,
      50.0
    ],
    "SevereJPEG": [
      80.0,
      60.0,
      40.0,
      20.0,
      5.0
    ],
    "LowLight": [
      0.8,
      0.6,
      0.4,
      0.25,
      0.1
    ],
    "MotionBlur": [
      3.0,
      5.0,
      9.0,
      15.0,
      25.0
    ]
  },
  "variants": [
    {
      "distortion": "GaussNoise",
      "level_index": 0,
      "level": 5.0,
      "sample_count": 20,
      "distorted_mean_snr_db": 25.469253333921806,
      "restored_mean_snr_db": 21.423734164798894,
      "snr_gain_db": -4.045519169122912,
      "orb_distorted": 0.9143125000000001,
      "orb_restored": 0.3845,
      "canny_distorted": 0.9762577695053298,
      "canny_restored": 0.5932245110770811,
      "seg_distorted": 0.5486018424061692,
      "seg_restored": 0.48240210983666487,
      "det_distorted": 0.20554862021492196,
      "det_restored": 0.21099458502379617
    },
    {
      "distortion": "GaussNoise",
      "level_index": 1,
      "level": 10.0,
      "sample_count": 20,
      "distorted_mean_snr_db": 19.52056101258981,
      "restored_mean_snr_db": 21.3807590784784,
      "snr_gain_db": 1.8601980658885893,
      "orb_distorted": 0.8549374999999999,
      "orb_restored": 0.384375,
      "canny_distorted": 0.9541418816610877,
      "canny_restored": 0.5917561217174224,
      "seg_distorted": 0.5436406674577261,
      "seg_restored": 0.47838161134152596,
      "det_distorted": 0.18196159984129645,
      "det_restored": 0.19926824224912773
    },
    {
      "distortion": "GaussNoise",
      "level_index": 2,
      "level": 20.0,
      "sample_count": 20,
      "distorted_mean_snr_db": 13.653544784279617,
      "restored_mean_snr_db": 21.13552447981343,
      "snr_gain_db": 7.481979695533813,
      "orb_distorted": 0.7394375,
      "orb_restored": 0.3819375,
      "canny_distorted": 0.9113834011005473,
      "canny_restored": 0.6000185704606779,
      "seg_distorted": 0.5307947889496935,
      "seg_restored": 0.44054207761076425,
      "det_distorted": 0.15488232658887244,
      "det_restored": 0.19555951564868942
    },
    {
      "distortion": "GaussNoise",
      "level_index": 3,
      "level": 35.0,
      "sample_count": 20,
      "distorted_mean_snr_db": 9.139010458070091,
      "restored_mean_snr_db": 20.153624310758246,
      "snr_gain_db": 11.014613852688155,
      "orb_distorted": 0.58525,
      "orb_restored": 0.35918750000000005,
      "canny_distorted": 0.854088396815856,
      "canny_restored": 0.6103076680981817,
      "seg_distorted": 0.44549379360006497,
      "seg_restored": 0.44724416072402323,
      "det_distorted": 0.07226621443700125,
      "det_restored": 0.17745545506364965
    },
    {
      "distortion": "GaussNoise",
      "level_index": 4,
      "level": 50.0,
      "sample_count": 20,
      "distorted_mean_snr_db": 6.436774114998078,
      "restored_mean_snr_db": 17.468729098204474,
      "snr_gain_db": 11.031954983206395,
      "orb_distorted": 0.4545,
      "orb_restored": 0.314875,
      "canny_distorted": 0.8010805245455048,
      "canny_restored": 0.6447374223447807,
      "seg_distorted": 0.40447371136375865,
      "seg_restored": 0.4266520158396392,
      "det_distorted": 0.03795620146371473,
      "det_restored": 0.10948447686321956
    },
    {
      "distortion": "SevereJPEG",
      "level_index": 0,
      "level": 80.0,
      "sample_count": 20,
      "distorted_mean_snr_db": 31.23343469078685,
      "restored_mean_snr_db": 27.835102423402002,
      "snr_gain_db": -3.3983322673848484,
      "orb_distorted": 0.9045624999999999,
      "orb_restored": 0.80175,
      "canny_distorted": 0.9796109685384151,
      "canny_restored": 0.8463770036937754,
      "seg_distorted": 0.5541669746655319,
      "seg_restored": 0.5469510395379834,
      "det_distorted": 0.22731848332150195,
      "det_restored": 0.22184856747383805
    },
    {
      "distortion": "SevereJPEG",
      "level_index": 1,
      "level": 60.0,
      "sample_count": 20,
      "distorted_mean_snr_db": 29.515600178275246,
      "restored_mean_snr_db": 27.314950154689036,
      "snr_gain_db": -2.20065002358621,
      "orb_distorted": 0.8744374999999998,
      "orb_restored": 0.7901250000000001,
      "canny_distorted": 0.9718130694925151,
      "canny_restored": 0.8436444343700022,
      "seg_distorted": 0.550809612982214,
      "seg_restored": 0.5410270897546992,
      "det_distorted": 0.21568941888332663,
      "det_restored": 0.2143092850357162
    },
    {
      "distortion": "SevereJPEG",
      "level_index": 2,
      "level": 40.0,
      "sample_count": 20,
      "distorted_mean_snr_db": 28.290152545316687,
      "restored_mean_snr_db": 26.873550966829697,
      "snr_gain_db": -1.4166015784869899,
      "orb_distorted": 0.8530625000000001,
      "orb_restored": 0.7815000000000001,
      "canny_distorted": 0.9611231443671582,
      "canny_restored": 0.8386697822782008,
      "seg_distorted": 0.5422552862163786,
      "seg_restored": 0.5560650466426383,
      "det_distorted": 0.22525340263535043,
      "det_restored": 0.2196423232010322
    },
    {
      "distortion": "SevereJPEG",
      "level_index": 3,
      "level": 20.0,
      "sample_count": 20,
      "distorted_mean_snr_db": 25.71565237709266,
      "restored_mean_snr_db": 25.422639815543913,
      "snr_gain_db": -0.2930125615487462,
      "orb_distorted": 0.7900625,
      "orb_restored": 0.7426250000000001,
      "canny_distorted": 0.9408889773856017,
      "canny_restored": 0.8375664281794813,
      "seg_distorted": 0.5082199565714977,
      "seg_restored": 0.5016812341041027,
      "det_distorted": 0.19090087740062153,
      "det_restored": 0.1942312958545114
    },
    {
      "distortion": "SevereJPEG",
      "level_index": 4,
      "level": 5.0,
      "sample_count": 20,
      "distorted_mean_snr_db": 18.628352052511595,
      "restored_mean_snr_db": 19.304107265796823,
      "snr_gain_db": 0.6757552132852283,
      "orb_distorted": 0.47893749999999996,
      "orb_restored": 0.4804375,
      "canny_distorted": 0.8609020263142663,
      "canny_restored": 0.8106666158458014,
      "seg_distorted": 0.30517068911460005,
      "seg_restored": 0.3199638864700462,
      "det_distorted": 0.11839897742306114,
      "det_restored": 0.13281162991273368
    },
    {
      "distortion": "LowLight",
      "level_index": 0,
      "level": 0.8,
      "sample_count": 20,
      "distorted_mean_snr_db": 13.83041141794565,
      "restored_mean_snr_db": 4.868737022981491,
      "snr_gain_db": -8.96167439496416,
      "orb_distorted": 0.9623750000000001,
      "orb_restored": 0.16868750000000002,
      "canny_distorted": 0.7478163625949846,
      "canny_restored": 0.40335444854426744,
      "seg_distorted": 0.5608315660171186,
      "seg_restored": 0.5593868719014041,
      "det_distorted": 0.21915698577971465,
      "det_restored": 0.2302631292813937
    },
    {
      "distortion": "LowLight",
      "level_index": 1,
      "level": 0.6,
      "sample_count": 20,
      "distorted_mean_snr_db": 7.8847229069011675,
      "restored_mean_snr_db": 6.166358115529993,
      "snr_gain_db": -1.7183647913711741,
      "orb_distorted": 0.9544375,
      "orb_restored": 0.1819375,
      "canny_distorted": 0.29404985187603666,
      "canny_restored": 0.427528076949552,
      "seg_distorted": 0.5585608349079079,
      "seg_restored": 0.5596236556067452,
      "det_distorted": 0.2141212779101663,
      "det_restored": 0.2292088751260847
    },
    {
      "distortion": "LowLight",
      "level_index": 2,
      "level": 0.4,
      "sample_count": 20,
      "distorted_mean_snr_db": 4.387347782231181,
      "restored_mean_snr_db": 8.14952071251425,
      "snr_gain_db": 3.762172930283068,
      "orb_distorted": 0.9118124999999999,
      "orb_restored": 0.199875,
      "canny_distorted": 0.0063840143813848034,
      "canny_restored": 0.4679869129077855,