{
  "scope": "Part 3 - restored images",
  "sample_count": 5,
  "distortion_levels": {
    "GaussNoise": [
      5.0,
      10.0,
      20.0,
      35.0,
      50.0
    ],
    "SevereJPEG": [
      80.0,
      60.0,
      40.0,
      20.0,
      5.0
    ],
    "LowLight": [
      0.8,
      0.6,
      0.4,
      0.25,
      0.1
    ],
    "MotionBlur": [
      3.0,
      5.0,
      9.0,
      15.0,
      25.0
    ]
  },
  "variants": [
    {
      "distortion": "GaussNoise",
      "level_index": 0,
      "level": 5.0,
      "sample_count": 5,
      "distorted_mean_snr_db": 25.5223190229186,
      "restored_mean_snr_db": 21.69523423333148,
      "snr_gain_db": -3.827084789587122,
      "orb_distorted": 0.91875,
      "orb_restored": 0.4365,
      "canny_distorted": 0.9813615977595391,
      "canny_restored": 0.6811038693701692,
      "seg_distorted": 0.5268838741088901,
      "seg_restored": 0.37438255842908735,
      "det_distorted": 0.27626596025295524,
      "det_restored": 0.30528141288320637
    },
    {
      "distortion": "GaussNoise",
      "level_index": 1,
      "level": 10.0,
      "sample_count": 5,
      "distorted_mean_snr_db": 19.59351097151657,
      "restored_mean_snr_db": 21.62408518908908,
      "snr_gain_db": 2.0305742175725108,
      "orb_distorted": 0.85975,
      "orb_restored": 0.4357500000000001,
      "canny_distorted": 0.9627912792856248,
      "canny_restored": 0.6825802933762469,
      "seg_distorted": 0.528016697176751,
      "seg_restored": 0.3708650874720451,
      "det_distorted": 0.266934142085308,
      "det_restored": 0.29351097190712994
    },
    {
      "distortion": "GaussNoise",
      "level_index": 2,
      "level": 20.0,
      "sample_count": 5,
      "distorted_mean_snr_db": 13.77139164017245,
      "restored_mean_snr_db": 21.24888665986852,
      "snr_gain_db": 7.477495019696072,
      "orb_distorted": 0.765,
      "orb_restored": 0.43725,
      "canny_distorted": 0.9254340851153641,
      "canny_restored": 0.6877907047345252,
      "seg_distorted": 0.497289195791896,
      "seg_restored": 0.3849501668603178,
      "det_distorted": 0.236450144794373,
      "det_restored": 0.29146121751780685
    },
    {
      "distortion": "GaussNoise",
      "level_index": 3,
      "level": 35.0,
      "sample_count": 5,
      "distorted_mean_snr_db": 9.299981430718669,
      "restored_mean_snr_db": 20.036702932013355,
      "snr_gain_db": 10.736721501294687,
      "orb_distorted": 0.624,
      "orb_restored": 0.39425,
      "canny_distorted": 0.8801978381278779,
      "canny_restored": 0.7008250963496441,
      "seg_distorted": 0.3942045972519197,
      "seg_restored": 0.3990270612306664,
      "det_distorted": 0.16005301428716967,
      "det_restored": 0.25732649861465906
    },
    {
      "distortion": "GaussNoise",
      "level_index": 4,
      "level": 50.0,
      "sample_count": 5,
      "distorted_mean_snr_db": 6.605820457310548,
      "restored_mean_snr_db": 17.02348240848294,
      "snr_gain_db": 10.417661951172393,
      "orb_distorted": 0.49175,
      "orb_restored": 0.3525,
      "canny_distorted": 0.828444051224077,
      "canny_restored": 0.7297082794111995,
      "seg_distorted": 0.33646218409927886,
      "seg_restored": 0.359110093024563,
      "det_distorted": 0.12795652823387577,
      "det_restored": 0.17757772601476773
    },
    {
      "distortion": "SevereJPEG",
      "level_index": 0,
      "level": 80.0,
      "sample_count": 5,
      "distorted_mean_snr_db": 31.07371748960399,
      "restored_mean_snr_db": 27.836899519111153,
      "snr_gain_db": -3.2368179704928366,
      "orb_distorted": 0.9035,
      "orb_restored": 0.8155000000000001,
      "canny_distorted": 0.9808666005372004,
      "canny_restored": 0.8767898622898962,
      "seg_distorted": 0.5180656435778875,
      "seg_restored": 0.47809960554785014,
      "det_distorted": 0.28608782461244386,
      "det_restored": 0.2888147577531217
    },
    {
      "distortion": "SevereJPEG",
      "level_index": 1,
      "level": 60.0,
      "sample_count": 5,
      "distorted_mean_snr_db": 29.401120979283377,
      "restored_mean_snr_db": 27.32255895339045,
      "snr_gain_db": -2.0785620258929285,
      "orb_distorted": 0.87475,
      "orb_restored": 0.79525,
      "canny_distorted": 0.9774721773660835,
      "canny_restored": 0.8774751807025576,
      "seg_distorted": 0.5163498591565414,
      "seg_restored": 0.48024832325529787,
      "det_distorted": 0.2754850874660616,
      "det_restored": 0.2847564789991639
    },
    {
      "distortion": "SevereJPEG",
      "level_index": 2,
      "level": 40.0,
      "sample_count": 5,
      "distorted_mean_snr_db": 28.19063190079263,
      "restored_mean_snr_db": 26.874601433172586,
      "snr_gain_db": -1.3160304676200454,
      "orb_distorted": 0.8592500000000001,
      "orb_restored": 0.791,
      "canny_distorted": 0.9665509933657859,
      "canny_restored": 0.8720940932229819,
      "seg_distorted": 0.4768834615298839,
      "seg_restored": 0.4659363932220431,
      "det_distorted": 0.2833991363238121,
      "det_restored": 0.2875195816498164
    },
    {
      "distortion": "SevereJPEG",
      "level_index": 3,
      "level": 20.0,
      "sample_count": 5,
      "distorted_mean_snr_db": 25.563536313179238,
      "restored_mean_snr_db": 25.32372973850379,
      "snr_gain_db": -0.2398065746754483,
      "orb_distorted": 0.79925,
      "orb_restored": 0.7609999999999999,
      "canny_distorted": 0.9519769787311999,
      "canny_restored": 0.8739509500025913,
      "seg_distorted": 0.45183525821966514,
      "seg_restored": 0.4481110137846615,
      "det_distorted": 0.2749472124750729,
      "det_restored": 0.2650203908857915
    },
    {
      "distortion": "SevereJPEG",
      "level_index": 4,
      "level": 5.0,
      "sample_count": 5,
      "distorted_mean_snr_db": 18.764480761722844,
      "restored_mean_snr_db": 19.47346516187651,
      "snr_gain_db": 0.7089844001536676,
      "orb_distorted": 0.52075,
      "orb_restored": 0.5245,
      "canny_distorted": 0.8826276236550081,
      "canny_restored": 0.8459332044335273,
      "seg_distorted": 0.23658050867068242,
      "seg_restored": 0.2422395614546722,
      "det_distorted": 0.1920653766399228,
      "det_restored": 0.20309941366598203
    },
    {
      "distortion": "LowLight",
      "level_index": 0,
      "level": 0.8,
      "sample_count": 5,
      "distorted_mean_snr_db": 13.84361073244057,
      "restored_mean_snr_db": 4.641012707346642,
      "snr_gain_db": -9.202598025093929,
      "orb_distorted": 0.9629999999999999,
      "orb_restored": 0.1375,
      "canny_distorted": 0.8195457064064124,
      "canny_restored": 0.40994607409484757,
      "seg_distorted": 0.5315758957958139,
      "seg_restored": 0.5128922743491849,
      "det_distorted": 0.2898185896790833,
      "det_restored": 0.28377169048993456
    },
    {
      "distortion": "LowLight",
      "level_index": 1,
      "level": 0.6,
      "sample_count": 5,
      "distorted_mean_snr_db": 7.891327355808369,
      "restored_mean_snr_db": 5.853833746140134,
      "snr_gain_db": -2.0374936096682346,
      "orb_distorted": 0.95475,
      "orb_restored": 0.14800000000000002,
      "canny_distorted": 0.4388511888947533,
      "canny_restored": 0.4335823372695436,
      "seg_distorted": 0.5288727194273587,
      "seg_restored": 0.5098231753404079,
      "det_distorted": 0.28528801346592836,
      "det_restored": 0.28467075471567543
    },
    {
      "distortion": "LowLight",
      "level_index": 2,
      "level": 0.4,
      "sample_count": 5,
      "distorted_mean_snr_db": 4.391756771693496,
      "restored_mean_snr_db": 7.654599087851824,
      "snr_gain_db": 3.262842316158328,
      "orb_distorted": 0.9227500000000001,
      "orb_restored": 0.16324999999999998,
      "canny_distorted": 0.007814552887027372,
      "canny_restored": 0.46293672736274294,
      "seg_distorted": 0.518308891200827,
      "seg_restored": 0.5108141804051541,
      "det_distorted": 0.298823392970393,