{
  "scope": "Part 3 - restored images",
  "sample_count": 125,
  "distortion_levels": {
    "GaussNoise": [
      5.0,
      10.0,
      20.0,
      35.0,
      50.0
    ],
    "SevereJPEG": [
      80.0,
      60.0,
      40.0,
      20.0,
      5.0
    ],
    "LowLight": [
      0.8,
      0.6,
      0.4,
      0.25,
      0.1
    ],
    "MotionBlur": [
      3.0,
      5.0,
      9.0,
      15.0,
      25.0
    ]
  },
  "variants": [
    {
      "distortion": "GaussNoise",
      "level_index": 0,
      "level": 5.0,
      "sample_count": 125,
      "distorted_mean_snr_db": 25.238656503433706,
      "restored_mean_snr_db": 21.75849308264538,
      "snr_gain_db": -3.480163420788326,
      "orb_distorted": 0.9089400000000001,
      "orb_restored": 0.3586099999999998,
      "canny_distorted": 0.9683186031456724,
      "canny_restored": 0.5607041324691096,
      "seg_distorted": 0.5818804804245822,
      "seg_restored": 0.4825594403892004,
      "det_distorted": 0.18495691795993704,
      "det_restored": 0.14548589866762965
    },
    {
      "distortion": "GaussNoise",
      "level_index": 1,
      "level": 10.0,
      "sample_count": 125,
      "distorted_mean_snr_db": 19.286547828306666,
      "restored_mean_snr_db": 21.710540823364443,
      "snr_gain_db": 2.4239929950577768,
      "orb_distorted": 0.84434,
      "orb_restored": 0.35856,
      "canny_distorted": 0.9440569342797865,
      "canny_restored": 0.5617910732864038,
      "seg_distorted": 0.5642378572479964,
      "seg_restored": 0.4812401976253234,
      "det_distorted": 0.16070566280978957,
      "det_restored": 0.14397408838436124
    },
    {
      "distortion": "GaussNoise",
      "level_index": 2,
      "level": 20.0,
      "sample_count": 125,
      "distorted_mean_snr_db": 13.410286555971492,
      "restored_mean_snr_db": 21.427853368788302,
      "snr_gain_db": 8.01756681281681,
      "orb_distorted": 0.72222,
      "orb_restored": 0.3588,
      "canny_distorted": 0.8935580699759159,
      "canny_restored": 0.5684137670727839,
      "seg_distorted": 0.5470070798575563,
      "seg_restored": 0.4768787110872889,
      "det_distorted": 0.12561461723643613,
      "det_restored": 0.14747144343969035
    },
    {
      "distortion": "GaussNoise",
      "level_index": 3,
      "level": 35.0,
      "sample_count": 125,
      "distorted_mean_snr_db": 8.893879383749889,
      "restored_mean_snr_db": 20.327188228808936,
      "snr_gain_db": 11.433308845059047,
      "orb_distorted": 0.5626700000000001,
      "orb_restored": 0.34558999999999995,
      "canny_distorted": 0.8295841317483682,
      "canny_restored": 0.5917076560666673,
      "seg_distorted": 0.4737431610765992,
      "seg_restored": 0.4615785629690466,
      "det_distorted": 0.06385337578658347,
      "det_restored": 0.12506045869398644
    },
    {
      "distortion": "GaussNoise",
      "level_index": 4,
      "level": 50.0,
      "sample_count": 125,
      "distorted_mean_snr_db": 6.195878545372673,
      "restored_mean_snr_db": 17.536586533559216,
      "snr_gain_db": 11.340707988186544,
      "orb_distorted": 0.42839,
      "orb_restored": 0.3021500000000001,
      "canny_distorted": 0.7715184428647536,
      "canny_restored": 0.6277436272983796,
      "seg_distorted": 0.42010335716547326,
      "seg_restored": 0.4169721204162412,
      "det_distorted": 0.029726973098698845,
      "det_restored": 0.0837110011100877
    },
    {
      "distortion": "SevereJPEG",
      "level_index": 0,
      "level": 80.0,
      "sample_count": 125,
      "distorted_mean_snr_db": 31.325761684569365,
      "restored_mean_snr_db": 28.0233342636207,
      "snr_gain_db": -3.302427420948664,
      "orb_distorted": 0.9036599999999999,
      "orb_restored": 0.79124,
      "canny_distorted": 0.976364751848151,
      "canny_restored": 0.8290377235146934,
      "seg_distorted": 0.5756477630479071,
      "seg_restored": 0.5794239074183024,
      "det_distorted": 0.17430258739895801,
      "det_restored": 0.1685081630351282
    },
    {
      "distortion": "SevereJPEG",
      "level_index": 1,
      "level": 60.0,
      "sample_count": 125,
      "distorted_mean_snr_db": 29.599658639517774,
      "restored_mean_snr_db": 27.490922770837905,
      "snr_gain_db": -2.1087358686798687,
      "orb_distorted": 0.8738900000000001,
      "orb_restored": 0.7799400000000002,
      "canny_distorted": 0.9680009469106637,
      "canny_restored": 0.825443373671534,
      "seg_distorted": 0.5752752083196073,
      "seg_restored": 0.5662882938301823,
      "det_distorted": 0.17680955607619822,
      "det_restored": 0.1667570998478792
    },
    {
      "distortion": "SevereJPEG",
      "level_index": 2,
      "level": 40.0,
      "sample_count": 125,
      "distorted_mean_snr_db": 28.369669776791945,
      "restored_mean_snr_db": 27.041761260540223,
      "snr_gain_db": -1.3279085162517212,
      "orb_distorted": 0.84521,
      "orb_restored": 0.7674000000000001,
      "canny_distorted": 0.9548584542093858,
      "canny_restored": 0.8220031009657036,
      "seg_distorted": 0.567926171761986,
      "seg_restored": 0.5556033994244216,
      "det_distorted": 0.17607642442469412,
      "det_restored": 0.16907000254559787
    },
    {
      "distortion": "SevereJPEG",
      "level_index": 3,
      "level": 20.0,
      "sample_count": 125,
      "distorted_mean_snr_db": 25.723066916700166,
      "restored_mean_snr_db": 25.50662642698158,
      "snr_gain_db": -0.2164404897185861,
      "orb_distorted": 0.77983,
      "orb_restored": 0.7281099999999999,
      "canny_distorted": 0.9298964113839788,
      "canny_restored": 0.8160534623056996,
      "seg_distorted": 0.5223994363708113,
      "seg_restored": 0.5172004552362554,
      "det_distorted": 0.1631386988798448,
      "det_restored": 0.15956055147896495
    },
    {
      "distortion": "SevereJPEG",
      "level_index": 4,
      "level": 5.0,
      "sample_count": 125,
      "distorted_mean_snr_db": 18.50468299320412,
      "restored_mean_snr_db": 19.144759329128522,
      "snr_gain_db": 0.6400763359244017,
      "orb_distorted": 0.4447999999999999,
      "orb_restored": 0.4476299999999999,
      "canny_distorted": 0.8350520281494204,
      "canny_restored": 0.7885732142061335,
      "seg_distorted": 0.3201545331110317,
      "seg_restored": 0.34193957122791263,
      "det_distorted": 0.10690794370690307,
      "det_restored": 0.11163464771140195
    },
    {
      "distortion": "LowLight",
      "level_index": 0,
      "level": 0.8,
      "sample_count": 125,
      "distorted_mean_snr_db": 13.822912186791497,
      "restored_mean_snr_db": 4.565701947342066,
      "snr_gain_db": -9.257210239449432,
      "orb_distorted": 0.9595899999999999,
      "orb_restored": 0.1724,
      "canny_distorted": 0.7210152494483981,
      "canny_restored": 0.3727689870912491,
      "seg_distorted": 0.5825540154940102,
      "seg_restored": 0.5530467087086395,
      "det_distorted": 0.17292573671173495,
      "det_restored": 0.18050475620477832
    },
    {
      "distortion": "LowLight",
      "level_index": 1,
      "level": 0.6,
      "sample_count": 125,
      "distorted_mean_snr_db": 7.880950660435266,
      "restored_mean_snr_db": 5.912133978781519,
      "snr_gain_db": -1.9688166816537471,
      "orb_distorted": 0.94396,
      "orb_restored": 0.18383000000000005,
      "canny_distorted": 0.2823552429850517,
      "canny_restored": 0.399551537086646,
      "seg_distorted": 0.5792701030146162,
      "seg_restored": 0.5566909471193461,
      "det_distorted": 0.17249035802851473,
      "det_restored": 0.18388975771600283
    },
    {
      "distortion": "LowLight",
      "level_index": 2,
      "level": 0.4,
      "sample_count": 125,
      "distorted_mean_snr_db": 4.3847848960593305,
      "restored_mean_snr_db": 7.9868872524357615,
      "snr_gain_db": 3.602102356376431,
      "orb_distorted": 0.8563800000000001,
      "orb_restored": 0.20323000000000002,
      "canny_distorted": 0.007609760631802313,